26607,git@github.com:restud-replication-packages/26607.git,2023-07-10T09:45:00Z
32201,git@github.com:restud-replication-packages/32201.git,2023-08-14T13:51:42Z
30705,git@github.com:restud-replication-packages/30705.git,2023-04-11T14:26:23Z
27726,git@github.com:restud-replication-packages/27726.git,2023-06-28T11:15:44Z
26854,git@github.com:restud-replication-packages/26854.git,2023-02-19T14:11:38Z
31799,git@github.com:restud-replication-packages/31799.git,2023-08-14T12:01:25Z
30489,git@github.com:restud-replication-packages/30489.git,2023-08-14T07:29:02Z
30914,git@github.com:restud-replication-packages/30914.git,2023-05-30T07:37:11Z
27915,git@github.com:restud-replication-packages/27915.git,2023-05-15T11:12:06Z
29359,git@github.com:restud-replication-packages/29359.git,2023-05-24T08:57:44Z
