29626,git@github.com:restud-replication-packages/29626.git,https://github.com/restud-replication-packages/29626.git
29806,git@github.com:restud-replication-packages/29806.git,https://github.com/restud-replication-packages/29806.git
28528,git@github.com:restud-replication-packages/28528.git,https://github.com/restud-replication-packages/28528.git
30434,git@github.com:restud-replication-packages/30434.git,https://github.com/restud-replication-packages/30434.git
30092,git@github.com:restud-replication-packages/30092.git,https://github.com/restud-replication-packages/30092.git
26332,git@github.com:restud-replication-packages/26332.git,https://github.com/restud-replication-packages/26332.git
28876,git@github.com:restud-replication-packages/28876.git,https://github.com/restud-replication-packages/28876.git
31409,git@github.com:restud-replication-packages/31409.git,https://github.com/restud-replication-packages/31409.git
28561,git@github.com:restud-replication-packages/28561.git,https://github.com/restud-replication-packages/28561.git
30623,git@github.com:restud-replication-packages/30623.git,https://github.com/restud-replication-packages/30623.git
28885,git@github.com:restud-replication-packages/28885.git,https://github.com/restud-replication-packages/28885.git
29780,git@github.com:restud-replication-packages/29780.git,https://github.com/restud-replication-packages/29780.git
27631,git@github.com:restud-replication-packages/27631.git,https://github.com/restud-replication-packages/27631.git
25884,git@github.com:restud-replication-packages/25884.git,https://github.com/restud-replication-packages/25884.git
27527,git@github.com:restud-replication-packages/27527.git,https://github.com/restud-replication-packages/27527.git
27364,git@github.com:restud-replication-packages/27364.git,https://github.com/restud-replication-packages/27364.git
30064,git@github.com:restud-replication-packages/30064.git,https://github.com/restud-replication-packages/30064.git
30913,git@github.com:restud-replication-packages/30913.git,https://github.com/restud-replication-packages/30913.git
28083,git@github.com:restud-replication-packages/28083.git,https://github.com/restud-replication-packages/28083.git
30253,git@github.com:restud-replication-packages/30253.git,https://github.com/restud-replication-packages/30253.git
29545,git@github.com:restud-replication-packages/29545.git,https://github.com/restud-replication-packages/29545.git
24824,git@github.com:restud-replication-packages/24824.git,https://github.com/restud-replication-packages/24824.git
31343,git@github.com:restud-replication-packages/31343.git,https://github.com/restud-replication-packages/31343.git
26908,git@github.com:restud-replication-packages/26908.git,https://github.com/restud-replication-packages/26908.git
22602,git@github.com:restud-replication-packages/22602.git,https://github.com/restud-replication-packages/22602.git
29136,git@github.com:restud-replication-packages/29136.git,https://github.com/restud-replication-packages/29136.git
31137,git@github.com:restud-replication-packages/31137.git,https://github.com/restud-replication-packages/31137.git
26529,git@github.com:restud-replication-packages/26529.git,https://github.com/restud-replication-packages/26529.git
25909,git@github.com:restud-replication-packages/25909.git,https://github.com/restud-replication-packages/25909.git
29684,git@github.com:restud-replication-packages/29684.git,https://github.com/restud-replication-packages/29684.git
30673,git@github.com:restud-replication-packages/30673.git,https://github.com/restud-replication-packages/30673.git
29339,git@github.com:restud-replication-packages/29339.git,https://github.com/restud-replication-packages/29339.git
31561,git@github.com:restud-replication-packages/31561.git,https://github.com/restud-replication-packages/31561.git
29944,git@github.com:restud-replication-packages/29944.git,https://github.com/restud-replication-packages/29944.git
26989,git@github.com:restud-replication-packages/26989.git,https://github.com/restud-replication-packages/26989.git
30197,git@github.com:restud-replication-packages/30197.git,https://github.com/restud-replication-packages/30197.git
29304,git@github.com:restud-replication-packages/29304.git,https://github.com/restud-replication-packages/29304.git
31266,git@github.com:restud-replication-packages/31266.git,https://github.com/restud-replication-packages/31266.git
25418,git@github.com:restud-replication-packages/25418.git,https://github.com/restud-replication-packages/25418.git
26060,git@github.com:restud-replication-packages/26060.git,https://github.com/restud-replication-packages/26060.git
26854,git@github.com:restud-replication-packages/26854.git,https://github.com/restud-replication-packages/26854.git
31038,git@github.com:restud-replication-packages/31038.git,https://github.com/restud-replication-packages/31038.git
27428,git@github.com:restud-replication-packages/27428.git,https://github.com/restud-replication-packages/27428.git
26114,git@github.com:restud-replication-packages/26114.git,https://github.com/restud-replication-packages/26114.git
24355,git@github.com:restud-replication-packages/24355.git,https://github.com/restud-replication-packages/24355.git
31028,git@github.com:restud-replication-packages/31028.git,https://github.com/restud-replication-packages/31028.git
28149,git@github.com:restud-replication-packages/28149.git,https://github.com/restud-replication-packages/28149.git
30269,git@github.com:restud-replication-packages/30269.git,https://github.com/restud-replication-packages/30269.git
24478,git@github.com:restud-replication-packages/24478.git,https://github.com/restud-replication-packages/24478.git
29719,git@github.com:restud-replication-packages/29719.git,https://github.com/restud-replication-packages/29719.git
29108,git@github.com:restud-replication-packages/29108.git,https://github.com/restud-replication-packages/29108.git
28986,git@github.com:restud-replication-packages/28986.git,https://github.com/restud-replication-packages/28986.git
29087,git@github.com:restud-replication-packages/29087.git,https://github.com/restud-replication-packages/29087.git
30141,git@github.com:restud-replication-packages/30141.git,https://github.com/restud-replication-packages/30141.git
30938,git@github.com:restud-replication-packages/30938.git,https://github.com/restud-replication-packages/30938.git
31360,git@github.com:restud-replication-packages/31360.git,https://github.com/restud-replication-packages/31360.git
30705,git@github.com:restud-replication-packages/30705.git,https://github.com/restud-replication-packages/30705.git
29898,git@github.com:restud-replication-packages/29898.git,https://github.com/restud-replication-packages/29898.git
29292,git@github.com:restud-replication-packages/29292.git,https://github.com/restud-replication-packages/29292.git
29572,git@github.com:restud-replication-packages/29572.git,https://github.com/restud-replication-packages/29572.git
25730,git@github.com:restud-replication-packages/25730.git,https://github.com/restud-replication-packages/25730.git
27129,git@github.com:restud-replication-packages/27129.git,https://github.com/restud-replication-packages/27129.git
27915,git@github.com:restud-replication-packages/27915.git,https://github.com/restud-replication-packages/27915.git
29359,git@github.com:restud-replication-packages/29359.git,https://github.com/restud-replication-packages/29359.git
30914,git@github.com:restud-replication-packages/30914.git,https://github.com/restud-replication-packages/30914.git
25711,git@github.com:restud-replication-packages/25711.git,https://github.com/restud-replication-packages/25711.git
27332,git@github.com:restud-replication-packages/27332.git,https://github.com/restud-replication-packages/27332.git
31601,git@github.com:restud-replication-packages/31601.git,https://github.com/restud-replication-packages/31601.git
27726,git@github.com:restud-replication-packages/27726.git,https://github.com/restud-replication-packages/27726.git
30990,git@github.com:restud-replication-packages/30990.git,https://github.com/restud-replication-packages/30990.git
30499,git@github.com:restud-replication-packages/30499.git,https://github.com/restud-replication-packages/30499.git
29689,git@github.com:restud-replication-packages/29689.git,https://github.com/restud-replication-packages/29689.git
26607,git@github.com:restud-replication-packages/26607.git,https://github.com/restud-replication-packages/26607.git
31675,git@github.com:restud-replication-packages/31675.git,https://github.com/restud-replication-packages/31675.git
30374,git@github.com:restud-replication-packages/30374.git,https://github.com/restud-replication-packages/30374.git
30261,git@github.com:restud-replication-packages/30261.git,https://github.com/restud-replication-packages/30261.git
29858,git@github.com:restud-replication-packages/29858.git,https://github.com/restud-replication-packages/29858.git
30756,git@github.com:restud-replication-packages/30756.git,https://github.com/restud-replication-packages/30756.git
23287,git@github.com:restud-replication-packages/23287.git,https://github.com/restud-replication-packages/23287.git
30489,git@github.com:restud-replication-packages/30489.git,https://github.com/restud-replication-packages/30489.git
31799,git@github.com:restud-replication-packages/31799.git,https://github.com/restud-replication-packages/31799.git
32201,git@github.com:restud-replication-packages/32201.git,https://github.com/restud-replication-packages/32201.git
